{
  "name": "Saiki Kusuo",
  "anime": "Saiki",
  "health": 60,
  "speed": 120,
  "defense": 60,
  "move11": [
    {
      "type": "Attack",
      "name": "Pyro Kinesis",
      "power": 90,
      "size": 20,
      "priority": 0.85
    }
  ],
  "move21": [
    {
      "type": "Defense",
      "name": "Teleport",
      "power": null,
      "size": 5,
      "priority": null
    }
  ],
  "move22": [
    {
      "type": "Neutral",
      "name": "Remove Hair Pin",
      "power": null,
      "size": 2,
      "priority": 1
    }
  ],
  "move12": [
    {
      "type": "Attack",
      "name": "Psychic Punch",
      "power": 120,
      "size": 15,
      "priority": 0.85
    }
  ],
  "ultimate": true
}