{
  "name": "Flash",
  "anime": "The Flash",
  "health": 40,
  "speed": 150,
  "defense": 80,
  "move11": [
    {
      "type": "Attack",
      "name": "Lightning Spark",
      "power": 110,
      "size": 15,
      "priority": 0.92
    }
  ],
  "move21": [
    {
      "type": "Defense",
      "name": "Phase",
      "power": null,
      "size": 5,
      "priority": null
    }
  ],
  "move22": [
    {
      "type": "Attack",
      "name": "Phase Kill",
      "power": 135,
      "size": 5,
      "priority": 0.85
    }
  ],
  "move12": [
    {
      "type": "Attack",
      "name": "Tornado",
      "power": 80,
      "size": 20,
      "priority": 0.75
    }
  ],
  "ultimate": false
}