{
  "name": "Super Mario",
  "anime": "Super Mario Bros",
  "health": 50,
  "speed": 80,
  "defense": 80,
  "move11": [
    {
      "type": "Attack",
      "name": "Ground Pound",
      "power": 75,
      "size": 20,
      "priority": 0.9
    }
  ],
  "move21": [
    {
      "type": "Defense",
      "name": "Hide In Pipe",
      "power": null,
      "size": 5,
      "priority": null
    }
  ],
  "move22": [
    {
      "type": "Neutral",
      "name": "Giant Mario",
      "power": null,
      "size": 1,
      "priority": 1
    }
  ],
  "move12": [
    {
      "type": "Attack",
      "name": "Fireballs",
      "power": 95,
      "size": 15,
      "priority": 0.85
    }
  ],
  "ultimate": true
}